"Species","Hivernage","N","Min area","Max area","Mean area","SE area","Temps d'hivernage"
"Chroicocephalus genei","Hivernage1",32,2.45e-05,71868.406757581,3713.56813268879,1643.85069658908,116.677509920635
"Chroicocephalus genei","Hivernage2",28,0.674306029185519,103.087688410823,7.66238385687002,2.33052843805403,69.9605034722222
"Chroicocephalus genei","Hivernage3",46,3.73579890620895e-05,129.366989051798,16.5674438058914,4.91677604292581,121.899982638889
"Gelochelidon nilotica","Hivernage1",13,0.0345408458573818,3396.17267128539,920.281263104261,338.583893298645,167.542678240741
"Gelochelidon nilotica","Hivernage2",2,634.761370307002,2840.31254519742,1671.77143735357,667.775080795292,106.396481481482
"Himantopus himantopus","Hivernage1",8,0.775556141433746,4271.8672184993,574.510043053635,194.093185991675,200.22255787037
"Himantopus himantopus","Hivernage2",7,0.0138610751576498,211.808642113428,73.1070616792576,36.3655614871996,112.987789351852
"Recurvirostra avosetta","Hivernage1",6,1.61962848826063,6757.01009551726,1814.49451771002,322.562703679742,39.6037818287036
"Thalasseus sandvicensis","Hivernage1",14,0.0105340515460297,7753.83665362481,610.247790830559,253.95550802596,50.6823437500001
