"Species","Hivernage","N","Min area","Max area","Mean area","SE area","Median","Temps d'hivernage","Q1","Q3"
"Chroicocephalus genei","Hivernage1",32,2003.33703014763,6713.80365104085,3713.56813268879,1643.85069658908,3608.37144062216,116.677509920635,2797.96214285714,4474.52214285714
"Chroicocephalus genei","Hivernage2",28,2.85751059606459,67.3899367870406,7.66238385687002,2.33052843805403,3.00172051818706,69.9605034722222,2.92,7.905
"Chroicocephalus genei","Hivernage3",46,0.124514678994531,87.527144525899,16.5674438058914,4.91677604292581,11.0038438030805,121.899982638889,3.575,17.365
"Gelochelidon nilotica","Hivernage1",13,508.293845183349,1385.71016784836,920.281263104261,338.583893298645,935.780588404827,167.542678240741,721.586,1123.662
"Gelochelidon nilotica","Hivernage2",2,925.418507572851,2430.77557488633,1671.77143735357,667.775080795292,1659.12022960152,106.396481481482,1292.27,2044.945
"Himantopus himantopus","Hivernage1",8,124.875127881522,1310.75533699308,574.510043053635,194.093185991675,532.920680528496,200.22255787037,274.001428571429,763.091428571429
"Himantopus himantopus","Hivernage2",7,20.7569640890672,158.257234885485,73.1070616792576,36.3655614871996,70.4761859686664,112.987789351852,47.4466666666667,94.0466666666667
"Recurvirostra avosetta","Hivernage1",6,1463.14496696597,2595.02345244996,1814.49451771002,322.562703679742,1523.7267283589,39.6037818287036,1463.4675,1952.7725
"Thalasseus sandvicensis","Hivernage1",14,224.286510347218,2025.52167376031,610.247790830559,253.95550802596,460.536944241598,50.6823437500001,269.26375,670.025
