"species","wintering","Min area","Max area","Median","Mean area","SE area","Min duration","Max duration","Median duration","Mean duration","SE duration"
"Gelochelidon nilotica","Hivernage1",105.0293745,3715.67233568714,2383.61646421949,1902.37645318068,325.800645579933,57.6069097222222,315.531319444444,161.708321759259,189.355493055556,19.7043668134229
"Gelochelidon nilotica","Hivernage2",750.847356945012,1771.84870157789,1261.34802926145,1261.34802926145,360.978487195247,257.979282407407,258.986111111111,258.482696759259,258.482696759259,0.35596770194106
"Gelochelidon nilotica","Hivernage3",225.233798,630.948094787699,428.09094639385,428.09094639385,143.441665241457,108.665752314815,116.620844907407,112.643298611111,112.643298611111,2.81254995859455
"Himantopus himantopus","Hivernage1",1362.27156385415,9822.29972351112,4298.57318740524,4353.70038527557,513.287297203185,207.94275462963,259.674652777778,210.250306712963,222.011616512346,3.52207894687579
"Himantopus himantopus","Hivernage2",194.408099363676,3867.50491954844,2030.95650945606,2030.95650945606,1298.6358347537,147.901446759259,180.982280092593,164.441863425926,164.441863425926,11.695840788651
"Recurvirostra avosetta","Hivernage1",33.802956,3172.69813755913,89.1618879289016,1098.55432716268,598.824827149024,1.9378587962963,152.959884259259,90.9652893518519,81.9543441358025,25.3043933251805
"Thalasseus sandvicensis","Hivernage1",118.434168012416,6548.35198416014,3174.74295437191,3060.08748266019,379.479638395992,14.9996412037037,168.958506944444,49.2498032407407,68.672791005291,8.25331961466088
