"Species","class_0","class_1","class_2","class_3","class_4","class_5","class_6","class_7","class_8"
"Chroicocephalus genei",-0.07289630790292,-0.838114181631482,-1,1,-0.721808062809586,-0.630188793198078,-1,-0.580302274568601,1
"Gelochelidon nilotica",-0.161788162337075,-0.409089676969243,-1,1,-0.437150057526004,-0.1869741031836,-1,-0.263153796992559,NA
"Himantopus himantopus",-0.185490459609663,-0.44768735949486,-1,1,-0.109263357132243,-0.091105531736231,-1,-0.0569320657800683,NA
"Recurvirostra avosetta",-0.0695268993166284,-0.555892498388992,-1,1,-0.347027748880538,-0.167535195197856,-1,-0.0300362265276191,NA
"Thalasseus sandvicensis",-0.0263453560766312,-0.738015266657621,-1,1,-0.732227160990048,-0.644230897682653,-1,-0.577600649537365,1
